1ae5b47d400e511a	Producer, Client Experience & Growth (Contract)	Current	Anywhere in the World	weworkremotely	Wed, 07 Oct 2026 07:31:04 +0000
90a80ff06bfb7db6	Analyst, Privacy	Coinbase	Anywhere in the World	weworkremotely	Wed, 07 Oct 2026 07:31:00 +0000
7368b3acbd4f2d5b	Nurse Practitioner (Remote, CT License Required)	Galileo	Anywhere in the World	weworkremotely	Wed, 07 Oct 2026 07:31:00 +0000
843d57a7f2553ab2	Product Manager, Detection Pipeline	Expel	Anywhere in the World	weworkremotely	Wed, 07 Oct 2026 07:31:00 +0000
d3b871b5a4cb5b97	Billing Support Analyst - Philippines	Mixmax	Anywhere in the World	weworkremotely	Wed, 07 Oct 2026 07:31:00 +0000
f81d237cc4c95b9b	Lead QA Engineer	Current	Anywhere in the World	weworkremotely	Wed, 07 Oct 2026 07:31:00 +0000
febf5212b13db379	Principal Solutions Architect	Expel	Anywhere in the World	weworkremotely	Wed, 07 Oct 2026 07:30:59 +0000
9d3ec8ed5573f786	Creative Hospitality	Galileo	Anywhere in the World	weworkremotely	Wed, 07 Oct 2026 07:30:59 +0000
a6a260ad30c13b70	Software Engineer - Query Execution	Dremio	Anywhere in the World	weworkremotely	Wed, 07 Oct 2026 07:30:53 +0000
17cc27fd80060de9	Associate Renewals Manager	GitLab	Anywhere in the World	weworkremotely	Wed, 07 Oct 2026 07:30:53 +0000
0562c140e6658404	Account Executive - France	GitLab	Anywhere in the World	weworkremotely	Wed, 07 Oct 2026 07:30:53 +0000
bc84053146c29131	Director, Mid Market Customer Success	Abnormal	Anywhere in the World	weworkremotely	Wed, 07 Oct 2026 07:30:53 +0000
7a2a3ac24c6026a5	Cloud Engineer	BeyondTrust	Anywhere in the World	weworkremotely	Wed, 07 Oct 2026 07:30:53 +0000
7bcbefcdd7937e62	Designer, Creative Services	Abnormal	Anywhere in the World	weworkremotely	Wed, 07 Oct 2026 07:30:42 +0000
ad7b973c2a3f9432	Account Executive II - Riyadh (Saudi National)	BeyondTrust	Anywhere in the World	weworkremotely	Wed, 07 Oct 2026 07:30:42 +0000
473ff62bcfa62df1	Senior 3D Designer	Contra	Anywhere in the World	weworkremotely	Wed, 07 Oct 2026 00:11:33 +0000
6784ad41245662e0	Senior Game Designer	Contra	Anywhere in the World	weworkremotely	Wed, 07 Oct 2026 00:08:54 +0000
06732c4dbf649ee0	Scaled Customer Success Manager	Dropbox	Anywhere in the World	weworkremotely	Tue, 06 Oct 2026 22:42:07 +0000
ba7d46929f91b785	Global CRM & Lifecycle Marketing Manager	FP Markets	Anywhere in the World	weworkremotely	Tue, 06 Oct 2026 22:04:13 +0000
1bb7c6dc9958cf19	Microsoft Dynamics CRM Technical Consultant	Müller`s Solutions	Cairo Governorate	weworkremotely	Tue, 06 Oct 2026 22:04:13 +0000
86442d5d9bb75522	Account Executive, Small Business - Nordics (English Speaking)	HubSpot	Anywhere in the World	weworkremotely	Tue, 06 Oct 2026 22:04:13 +0000
5e4d49d144095f0d	Senior Angular Full-stack Developer	Lemon.io	Anywhere in the World	weworkremotely	Tue, 06 Oct 2026 13:25:57 +0000
4153f7bd6051a629	Senior Product Engineer	Semaphore	Anywhere in the World	weworkremotely	Tue, 06 Oct 2026 08:44:40 +0000
d6ad8569e5c788b5	AML Compliance Analyst	Sezzle	Anywhere in the World	weworkremotely	Tue, 06 Oct 2026 07:31:26 +0000
36a8ad7b3bba3f79	Account Executive, Existing Business (Central Eastern Europe)	Stripe	Anywhere in the World	weworkremotely	Tue, 06 Oct 2026 07:31:26 +0000
73de56d87209ea05	Director of Media Strategy & Activation (Paid Media)	Dropbox	Anywhere in the World	weworkremotely	Tue, 06 Oct 2026 07:31:26 +0000
383ac730db50592d	Account Executive, Enterprise (Grower)	Stripe	Anywhere in the World	weworkremotely	Tue, 06 Oct 2026 07:31:16 +0000
c994ec5acb71d265	Engineering Manager, Notifications Platform	Reddit	Anywhere in the World	weworkremotely	Tue, 06 Oct 2026 07:31:16 +0000
ceb51f13a14c012c	Customer Success Manager — Japanese & Korean Speaking (Remote)	Dropbox	Anywhere in the World	weworkremotely	Tue, 06 Oct 2026 07:31:16 +0000
876a1d050832d30c	Senior Director, Field Enablement	PagerDuty	Anywhere in the World	weworkremotely	Tue, 06 Oct 2026 07:31:16 +0000
28e6b0a5366c9582	EMEA Insights Lead, Consumer and Commercial Strategy	Reddit	Anywhere in the World	weworkremotely	Tue, 06 Oct 2026 07:31:10 +0000
ad71112056088466	Principal Solutions Consultant	PagerDuty	Anywhere in the World	weworkremotely	Tue, 06 Oct 2026 07:31:09 +0000
dd73c053f8c584f8	Engineering Manager, Cloud Engineering	LaunchDarkly	Anywhere in the World	weworkremotely	Tue, 06 Oct 2026 07:31:09 +0000
58ae5e2f05962d2c	Senior Infrastructure Engineer	Webflow	Anywhere in the World	weworkremotely	Tue, 06 Oct 2026 07:31:05 +0000
619dd938392a30c5	Senior Data Scientist	Wrike	Anywhere in the World	weworkremotely	Tue, 06 Oct 2026 07:31:05 +0000
11ae87a8fa406111	Backend Engineer (Multiple Positions)	LaunchDarkly	Anywhere in the World	weworkremotely	Tue, 06 Oct 2026 07:31:05 +0000
23ef43186859816c	Group Product Manager [Klaxoon]	Wrike	Anywhere in the World	weworkremotely	Tue, 06 Oct 2026 07:31:00 +0000
e9dcdac0c65d1c17	Senior Developer Educator	Webflow	Anywhere in the World	weworkremotely	Tue, 06 Oct 2026 07:30:58 +0000
59de9d32ec36955d	Senior Dynamics CRM Developer (VoC)	EPAM Systems	Anywhere in the World	weworkremotely	Tue, 06 Oct 2026 03:09:50 +0000
2da4a52a47c23640	MSD 365 Customer Relationship Management (CRM) Lead	Sparix Global.	Anywhere in the World	weworkremotely	Mon, 05 Oct 2026 18:57:47 +0000
61c9c3e70393124e	Document Processor Manager	NetVendor	Anywhere in the World	weworkremotely	Mon, 05 Oct 2026 18:57:14 +0000
a63ca87da8a86889	Software Engineering Manager	LawnStarter	Anywhere in the World	weworkremotely	Mon, 05 Oct 2026 16:09:17 +0000
0767785ff3b2352f	Director, Global GTM Strategy & Operations	Wrike	Anywhere in the World	weworkremotely	Mon, 05 Oct 2026 07:31:29 +0000
9f8e03dfff556d98	Business Systems Security Analyst	Wrike	Anywhere in the World	weworkremotely	Mon, 05 Oct 2026 07:31:16 +0000
7b8db388fd5b5fb1	Account Executive, Enterprise (Denmark)	Everpure	Anywhere in the World	weworkremotely	Mon, 05 Oct 2026 07:31:16 +0000
599c9f18d7b111b6	Enterprise Sales Engineer - FED	Datadog	Anywhere in the World	weworkremotely	Mon, 05 Oct 2026 07:31:16 +0000
2b5bec1860a97f1a	Account Executive, Enterprise (Chicago)	Everpure	Anywhere in the World	weworkremotely	Mon, 05 Oct 2026 07:31:16 +0000
f08484ec4320ac36	Backend Engineer, Control Plane	Tailscale	Anywhere in the World	weworkremotely	Mon, 05 Oct 2026 07:31:07 +0000
b75251a6abf84699	Field Marketing Manager - West	Tines	Anywhere in the World	weworkremotely	Mon, 05 Oct 2026 07:31:07 +0000
1af8c25a272afcdd	Sr. Instructional Designer, Learning Operations	Chime Financial, Inc	Anywhere in the World	weworkremotely	Mon, 05 Oct 2026 07:31:07 +0000
ace2da7f1d3ed90a	Global Workforce Planning & Transformation	Chime Financial, Inc	Anywhere in the World	weworkremotely	Mon, 05 Oct 2026 07:30:57 +0000
27729570e1fe1e54	Account Executive, Enterprise - Financial Services	Braze	Anywhere in the World	weworkremotely	Mon, 05 Oct 2026 07:30:57 +0000
b49dfc2f2f6ed01e	Senior Research Engineer	AssemblyAI	Anywhere in the World	weworkremotely	Sun, 04 Oct 2026 07:31:28 +0000
1213fe2c9fecd4ca	Senior GTM AI Engineer	AssemblyAI	Anywhere in the World	weworkremotely	Sun, 04 Oct 2026 07:31:28 +0000
3e97efa41f74e1a2	Group Product Manager – Corporate Systems	Smartsheet	Anywhere in the World	weworkremotely	Sun, 04 Oct 2026 07:31:27 +0000
8a03af487c183be9	Director, Finance Systems & ERP	Smartsheet	Anywhere in the World	weworkremotely	Sun, 04 Oct 2026 07:31:27 +0000
2a06c6c1bc4294a9	Senior Manager, Solutions Architect	Vercel	Anywhere in the World	weworkremotely	Sat, 03 Oct 2026 07:31:20 +0000
72b8979e5c44b4b2	Join our Internship Community	Feedzai	Anywhere in the World	weworkremotely	Sat, 03 Oct 2026 07:31:20 +0000
75b79fb7dbea08a7	Security Engineer, Cloud	Vercel	Anywhere in the World	weworkremotely	Sat, 03 Oct 2026 07:31:20 +0000
2ca757cdc0499d96	Product Lead, Predictive Platform	6sense	Anywhere in the World	weworkremotely	Sat, 03 Oct 2026 07:31:07 +0000
e22575b4085bd1a5	Chairman Programs Lead	Clover Health	Anywhere in the World	weworkremotely	Sat, 03 Oct 2026 07:31:06 +0000
e0030514d60e34d3	Web Designer, eCRM	Humane World for Animals	Anywhere in the World	weworkremotely	Fri, 02 Oct 2026 17:39:45 +0000
03052289490e16fc	Chief Actuary	Clover Health	Anywhere in the World	weworkremotely	Fri, 02 Oct 2026 01:24:37 +0000
5d246f02dbeba6d4	Product Manager, Dashboard	Vercel	Anywhere in the World	weworkremotely	Thu, 01 Oct 2026 07:30:56 +0000
e1b350def8b902b5	Design Engineer	Vercel	Anywhere in the World	weworkremotely	Thu, 01 Oct 2026 07:30:47 +0000
2b4c21981a9194c5	Senior Product Designer	Calm.com	Anywhere in the World	weworkremotely	Thu, 01 Oct 2026 07:30:47 +0000
c48647f3b86ed055	Growth Product Manager	Calm.com	Anywhere in the World	weworkremotely	Thu, 01 Oct 2026 07:30:44 +0000
16afc5104f01c606	Senior UX Designer	Seat Geek	Anywhere in the World	weworkremotely	Wed, 30 Sep 2026 15:13:43 +0000
f4c79731d98fb109	Sr. UX Designer, Security	Cribl	Anywhere in the World	weworkremotely	Wed, 30 Sep 2026 14:50:43 +0000
d7d8be8abd818095	Remote Senior Packaging Designer for Consumer Goods Company	Pearl	Santo Domingo	weworkremotely	Wed, 30 Sep 2026 14:35:34 +0000
cf872c6bc6d2b99f	Web Developer (Fresh graduate welcome, WFH policy, on-job-training)	HR Plus	Anywhere in the World	weworkremotely	Tue, 29 Sep 2026 19:13:52 +0000
0eb30609339187a0	Fullstack Web3 Engineer (Solidity / Rust / Typescript)	bondex	Remote - Americas	weworkremotely	Tue, 29 Sep 2026 19:13:52 +0000
9e1e22af3e6a3605	Senior Software Engineer, Application Security	Discord	Anywhere in the World	weworkremotely	Tue, 29 Sep 2026 07:30:55 +0000
ce1c7b121c8e990e	Principal Infrastructure Architect: Data Platform	ZoomInfo Technologies LLC	Anywhere in the World	weworkremotely	Tue, 29 Sep 2026 07:30:41 +0000
f6886e3e1cd8490d	Framer Website Designer	Air Apps	Helsinki	weworkremotely	Mon, 28 Sep 2026 22:12:46 +0000
e9db32a856c7ce46	Web Development Project Manager	Wisevu	Anywhere in the World	weworkremotely	Mon, 28 Sep 2026 22:12:45 +0000
4fbe27b432e04907	CPS Solution Architect	Collibra	Anywhere in the World	weworkremotely	Mon, 28 Sep 2026 07:31:13 +0000
d2909cfc2be9689d	Director, Global Equity	Faire	Anywhere in the World	weworkremotely	Sat, 26 Sep 2026 07:30:50 +0000
e8379f9605fe0131	Future Opportunities	Dremio	Anywhere in the World	weworkremotely	Sat, 26 Sep 2026 07:30:50 +0000
59836a360986b174	Senior Java Developer	Twikey	Anywhere in the World	weworkremotely	Thu, 17 Sep 2026 10:51:23 +0000
7ab95aa00aa49f1d	Senior Backend Developer (Node.js / Nest.js)	Proxify AB	Anywhere in the World	weworkremotely	Tue, 15 Sep 2026 09:06:31 +0000
94516b10164d3c70	Senior Backend Developer (Python)	Proxify AB	Anywhere in the World	weworkremotely	Tue, 15 Sep 2026 09:01:36 +0000
99970806c07c3695	Backend Engineer, IAM	Reddit	Anywhere in the World	weworkremotely	Mon, 14 Sep 2026 07:31:07 +0000
0511e1aedf0c86b4	Executive Personal Assistant to the Founder (Remote, UAE or Europe)	Ace Ventures	Anywhere in the World	weworkremotely	Sun, 06 Sep 2026 13:01:11 +0000
918b0fe7c242158d	Project Manager	Spiralyze	Anywhere in the World	weworkremotely	Wed, 08 Jul 2026 12:07:36 +0000
7331f2dbdd7c1761	Remote Data Entry Clerk	NoGigiddy	Anywhere in the World	weworkremotely	Tue, 11 Nov 2025 00:58:24 +0000
df64a8d4f25e661a	Growth Lead	Forager	Anywhere in the World	weworkremotely	Tue, 13 May 2025 12:15:43 +0000
69a76d81bd5a012f	Dynamics 365 CE/CRM & F&O	EvoPoint Solutions	Anywhere in the World	weworkremotely	Mon, 05 Oct 2026 18:57:46 +0000
5bdffadece31dedd	Technical Recruiter	Prospex CRM	Anywhere in the World	weworkremotely	Mon, 05 Oct 2026 18:57:46 +0000
bf0b0cc65ef3ea3d	IT Lead Consultant / Service Delivery Lead - Cloud CRM (Remote)	Veeva Systems	Anywhere in the World	weworkremotely	Mon, 05 Oct 2026 18:57:46 +0000
10adf708ff972056	Senior Support Engineer	Town Web	Anywhere in the World	weworkremotely	Mon, 05 Oct 2026 08:04:16 +0000
1f3abc3acaf5644e	Legal Counsel, EMEA	Tines	Anywhere in the World	weworkremotely	Mon, 05 Oct 2026 07:31:16 +0000
b1ed7e11478c3a3e	Manager, Solutions Consulting, AMER Commercial	Braze	Anywhere in the World	weworkremotely	Mon, 05 Oct 2026 07:31:07 +0000
6270f345c963807f	IT Support Specialist	Webflow	Anywhere in the World	weworkremotely	Sat, 03 Oct 2026 07:31:06 +0000
6c17c856fc73ec6f	Manager, Customer Success - Upmarket	6sense	Anywhere in the World	weworkremotely	Fri, 02 Oct 2026 07:30:48 +0000
74c4d65b4c219c8f	Japanese Speaking Customer Service Agent - for Netflix Japan	Limitless Technology	Anywhere in the World	weworkremotely	Thu, 01 Oct 2026 08:39:07 +0000
2ff112865223c431	Deployment Architect	Hightouch	Anywhere in the World	weworkremotely	Wed, 30 Sep 2026 07:31:24 +0000
a53affbed0e20b9f	Deployment Architect - Email & SMS / Messaging	Hightouch	Anywhere in the World	weworkremotely	Wed, 30 Sep 2026 07:31:24 +0000
53a8b918feed0f05	Technical Account Manager, API Partnerships	Shout About Us	Anywhere in the World	weworkremotely	Tue, 29 Sep 2026 23:00:15 +0000
7e07bbfddf38c685	Social Media Content Specialist - Bilingual French / English - Remote in Canada/US	ICUC Social	Anywhere in the World	weworkremotely	Tue, 29 Sep 2026 18:54:48 +0000
1fcb71079803753b	Benefits Verification Specialist ( Call Center Agent- REMOTE)-Must have your own computer MUST LIVE IN US	MMC Group	Anywhere in the World	weworkremotely	Mon, 28 Sep 2026 23:53:19 +0000
908db779728fcbca	Customer Evidence Manager	Dropbox	Anywhere in the World	weworkremotely	Mon, 28 Sep 2026 07:31:06 +0000
db0036f5fa5a2111	Account Manager - Dutch speaking	Algolia	Anywhere in the World	weworkremotely	Mon, 28 Sep 2026 07:31:05 +0000
5041c78c9555e699	Account Manager - Boston	PagerDuty	Anywhere in the World	weworkremotely	Sun, 27 Sep 2026 07:30:55 +0000
3230a9d064f01094	Customer Success Manager	Ping Identity	Anywhere in the World	weworkremotely	Sat, 26 Sep 2026 07:30:50 +0000
65d42de03f4b7c75	US Remote Technical Support Advisor	VXI Global Solutions	Anywhere in the World	weworkremotely	Wed, 23 Sep 2026 17:01:10 +0000
c8501336f7f7e4a4	CRM Automation Manager	Neo Group	Minsk Region	weworkremotely	Wed, 23 Sep 2026 15:11:27 +0000
fb6cc93927a6a5f5	Account Manager L4	Wrike	Anywhere in the World	weworkremotely	Sat, 19 Sep 2026 07:31:10 +0000
243cde6580b269bf	Lead Customer Success Manager - West	Tines	Anywhere in the World	weworkremotely	Fri, 18 Sep 2026 07:30:46 +0000
672badf93f48ecfe	SaaS Client Success Manager	ITI Digital	Anywhere in the World	weworkremotely	Thu, 17 Sep 2026 21:23:18 +0000
fc9fb28b7559848b	Head of Technical Support @ Koast.ai	Koast.ai	Anywhere in the World	weworkremotely	Wed, 16 Sep 2026 17:51:58 +0000
b3850967187da8ae	Account Manager (US)	PagerDuty	Anywhere in the World	weworkremotely	Wed, 16 Sep 2026 07:30:44 +0000
f8ebb28d4a06d26f	Customer Success Engineer	Algolia	Anywhere in the World	weworkremotely	Tue, 15 Sep 2026 07:30:54 +0000
7b66d73ab92c52e6	Customer Success Manager, Enterprise (Missouri Valley)	Abnormal	Anywhere in the World	weworkremotely	Thu, 10 Sep 2026 07:30:50 +0000
3f3af158b9a0e0f4	Customer Success Manager, Canada (Toronto)	Abnormal	Anywhere in the World	weworkremotely	Thu, 10 Sep 2026 07:30:42 +0000
aff528037c1aca9f	Customer Retention Manager	Platform.sh	Anywhere in the World	weworkremotely	Wed, 09 Sep 2026 07:30:42 +0000
dd8e4b1b8c92143a	Live Technical Support Representative — Full-Time — $45,000 - $55,000/year + Benefits (Sat-Sun required) (Location: Remote, U.S.-based)	Porkbun	Anywhere in the World	weworkremotely	Fri, 04 Sep 2026 22:58:37 +0000
ec3b5a83c8879649	Entry-Level Account Manager	NoGigiddy	Anywhere in the World	weworkremotely	Wed, 20 May 2026 10:55:57 +0000
54ed99d8815f2f41	Customer Support Agent (Remote)	CRAE GROUP LTD	Anywhere in the World	weworkremotely	Fri, 05 Dec 2025 10:37:40 +0000
cfe74a9d542ccf97	Senior Staff Operations Manager, Office of the President (PED)	Squarespace	Anywhere in the World	weworkremotely	Wed, 23 Sep 2026 07:31:13 +0000
a02c32e183a7b9d9	Director of Operations — Full-Time | Remote (North America)	Passive Income Dentist	Anywhere in the World	weworkremotely	Sat, 19 Sep 2026 18:39:11 +0000
3721cc93692342ae	People Operations Generalist	Salesloft	Anywhere in the World	weworkremotely	Thu, 17 Sep 2026 07:30:57 +0000
f69d81d8d70d3a6e	Financial Analyst, R&D	Salesloft	Anywhere in the World	weworkremotely	Wed, 16 Sep 2026 07:30:46 +0000
005fcb252516ac9b	Head of Growth & Operations	OpenBase LLC	Anywhere in the World	weworkremotely	Tue, 15 Sep 2026 18:26:24 +0000
b9c309692b2f079d	Werkstudent:in im Headhunting	Recruitment Circle GmbH	Anywhere in the World	weworkremotely	Mon, 14 Sep 2026 12:24:08 +0000
be9410620bd3512e	Head of Operations @ Koast.ai	Koast.ai	Anywhere in the World	weworkremotely	Wed, 09 Sep 2026 14:29:42 +0000
9f10ee16f61b0655	Sr. Finance Mgr, Partnerships and Special Projects	Thumbtack	Anywhere in the World	weworkremotely	Mon, 17 Aug 2026 13:08:42 +0000
a8d7f90ee7c680f9	Marketing Automation SaaS + Services Line of Business Owner	New Law Business Model	Anywhere in the World	weworkremotely	Tue, 07 Feb 2023 20:07:41 +0000
340d67ed7c73ab35	Account Executive	Descript	Anywhere in the World	weworkremotely	Sun, 04 Oct 2026 07:31:28 +0000
c47947441065f4dd	Account Executive - Enterprise	Zscaler	Anywhere in the World	weworkremotely	Sun, 04 Oct 2026 07:31:08 +0000
38cd47465467be7a	Account Executive, Enterprise (Acquisition) UK	Everpure	Anywhere in the World	weworkremotely	Sun, 04 Oct 2026 07:31:08 +0000
22c33336fa9c9b02	Account Executive, Commercial - NorCal	Zscaler	Anywhere in the World	weworkremotely	Sun, 04 Oct 2026 07:31:06 +0000
ec3006a9b3444f9c	Account Executive, Commercial (Upstate New York)	Everpure	Anywhere in the World	weworkremotely	Sun, 04 Oct 2026 07:31:06 +0000
98a7579ffbec1deb	Lead Solutions Engineer - Central / East	Webflow	Anywhere in the World	weworkremotely	Sat, 03 Oct 2026 07:31:20 +0000
771f60fc055b5adb	Business Development & Growth Associate, Pharma	Talkspace	Anywhere in the World	weworkremotely	Sat, 03 Oct 2026 07:31:07 +0000
fdb33d8983b99284	Business Development Representative, Consultant Relationships	Talkspace	Anywhere in the World	weworkremotely	Sat, 03 Oct 2026 07:31:06 +0000
6da1bdd9a0c4435e	Principal Technical Product Marketing Manager	6sense	Anywhere in the World	weworkremotely	Sat, 03 Oct 2026 07:31:06 +0000
47d97f97d6f03eb9	Account Executive, Enterprise	Fin	Anywhere in the World	weworkremotely	Sat, 03 Oct 2026 07:31:06 +0000
fc84b7d783a7ebb2	Partner Marketing Manager	6sense	Anywhere in the World	weworkremotely	Fri, 02 Oct 2026 07:30:51 +0000
2fdc184e46aeff78	Manager, Account Executives - Remote (anywhere in the US)	Knock	Anywhere in the World	weworkremotely	Fri, 02 Oct 2026 07:30:48 +0000
9e525a4eca04850e	Director of Sales - Remote (anywhere in the US)	Knock	Anywhere in the World	weworkremotely	Fri, 02 Oct 2026 07:30:44 +0000
a25c80d203cf0746	Senior Account Executive - UHV Payors	Melio	Anywhere in the World	weworkremotely	Thu, 01 Oct 2026 07:31:05 +0000
e5e8543f691d23d8	Manager, Enterprise Sales	Hex Technologies	Anywhere in the World	weworkremotely	Thu, 01 Oct 2026 07:30:57 +0000
2b4c85be40c5b8b4	Senior Account Executive, Strategic Partnerships & Affiliates	Melio	Anywhere in the World	weworkremotely	Thu, 01 Oct 2026 07:30:56 +0000
00a378de52a9faf8	Founding Head of Sales	Orchard	Anywhere in the World	weworkremotely	Wed, 30 Sep 2026 12:59:11 +0000
7b36fa3c6159f60e	Documentation Engineer II	Storyblok	Anywhere in the World	weworkremotely	Wed, 30 Sep 2026 07:31:24 +0000
c0b9ed2975c22ecc	Director of Product Marketing - USA	Storyblok	Anywhere in the World	weworkremotely	Wed, 30 Sep 2026 07:31:24 +0000
96b29cb9f14daff0	Digital Marketing Manager	Card Conduit	Anywhere in the World	weworkremotely	Tue, 29 Sep 2026 22:27:28 +0000
2f8209b8d729e63f	Head of Marketing	OnTheGoSystems	Anywhere in the World	weworkremotely	Tue, 29 Sep 2026 10:15:54 +0000
be6680f30df21a7b	Enterprise Account Executive	Prove	Anywhere in the World	weworkremotely	Tue, 29 Sep 2026 07:30:41 +0000
f406b66a4fe7baf5	Senior SEO & GEO Specialist	Manaferra	Anywhere in the World	weworkremotely	Mon, 28 Sep 2026 20:10:18 +0000
606921b7d1bdd7f0	Enterprise Account Executive (San Francisco)	PagerDuty	Anywhere in the World	weworkremotely	Sun, 27 Sep 2026 07:31:00 +0000
40d48ee48f489c85	Senior Account Executive, InsurTech	Checkr	Anywhere in the World	weworkremotely	Sun, 27 Sep 2026 07:30:57 +0000
8c753067eefb3c34	Business Development Representative, Enterprise	Doximity	Anywhere in the World	weworkremotely	Sat, 26 Sep 2026 07:31:04 +0000
02dd0744c1db9cba	[Evergreen] Account Executive (Enterprise / Strategic) - East Region	Iterable	Anywhere in the World	weworkremotely	Fri, 25 Sep 2026 07:31:05 +0000
2c11fcb54dc9dc7e	Channel Account Executive, LATAM	Asana	Anywhere in the World	weworkremotely	Fri, 25 Sep 2026 07:31:05 +0000
75cce23daaa88fc1	Remote Customer Service Representative	Kobie Marketing	Anywhere in the World	weworkremotely	Fri, 25 Sep 2026 00:31:19 +0000
d9366081f8296861	Campaign Marketing Intern - Summer 2027	Veeam Software	Anywhere in the World	weworkremotely	Fri, 25 Sep 2026 00:31:19 +0000
64c5c1127684fdac	Sales Development Representative (Intake Pod)	Belkins	Anywhere in the World	weworkremotely	Fri, 25 Sep 2026 00:31:19 +0000
b03422035da71e36	Marketing Analyst (Remote, Contract)	INFUSE	Anywhere in the World	weworkremotely	Fri, 25 Sep 2026 00:31:19 +0000
c1e3ca351a84c69d	Copywriter - Paid Social Media Ad Creative	Xometry Europe	Anywhere in the World	weworkremotely	Fri, 25 Sep 2026 00:31:19 +0000
54b3b1469e306ee2	Account Executive, Commercial (Nagoya)	Zscaler	Anywhere in the World	weworkremotely	Thu, 24 Sep 2026 07:30:50 +0000
c945b41b38c97b82	Account Executive, Commercial - Kansas City	Zscaler	Anywhere in the World	weworkremotely	Thu, 24 Sep 2026 07:30:50 +0000
abdaa1c848312b6c	Manager, Lifecycle Marketing (R13983)	Oportun	Anywhere in the World	weworkremotely	Thu, 24 Sep 2026 07:30:50 +0000
287589ecfcdaf64a	Business Development Manager	BBE Marketing Inc	Anywhere in the World	weworkremotely	Thu, 24 Sep 2026 06:11:29 +0000
c2c2cf3e963b7027	Appointment Setter / Inside Sales	Elemental Claims LLC	Anywhere in the World	weworkremotely	Wed, 23 Sep 2026 13:58:32 +0000
7eb8de9e21c3eaa7	(Developmental) Content Editor	Animalz	Anywhere in the World	weworkremotely	Wed, 23 Sep 2026 12:44:36 +0000
cb2eb2da6fcd50b5	Enterprise Account Executive, Chicago	Glean	Anywhere in the World	weworkremotely	Wed, 23 Sep 2026 07:31:13 +0000
bca37462eb9cb224	Account Executive 3	Twilio	Anywhere in the World	weworkremotely	Wed, 23 Sep 2026 07:31:13 +0000
6b779881cf5dae87	Demand Generation Specialist	C4Media Inc.	Anywhere in the World	weworkremotely	Tue, 22 Sep 2026 17:13:52 +0000
24913761bd188b0e	Partner Manager, Gusto Pro	Gusto, Inc.	Anywhere in the World	weworkremotely	Tue, 22 Sep 2026 07:30:50 +0000
32c18f5ce6f67920	Future Opportunities: Early Career Sales Talent	Gusto, Inc.	Anywhere in the World	weworkremotely	Tue, 22 Sep 2026 07:30:45 +0000
b571eae41c12904b	Marketing Manager, AI and Lifecycle	Rove Concepts	Anywhere in the World	weworkremotely	Mon, 21 Sep 2026 18:54:53 +0000
4e089b9638bbdeb3	[Talent Pool] Business Development Specialist	EBANX	Anywhere in the World	weworkremotely	Mon, 21 Sep 2026 07:30:54 +0000
4b4437eb3db304f0	Enterprise Account Executive, West	Legion	Anywhere in the World	weworkremotely	Sun, 20 Sep 2026 07:31:09 +0000
f88a35371ff29657	Enterprise Account Executive, East	Legion	Anywhere in the World	weworkremotely	Sun, 20 Sep 2026 07:31:00 +0000
4d4716f75c2c4ae4	Enterprise Account Executive	Hex Technologies	Anywhere in the World	weworkremotely	Sat, 19 Sep 2026 07:31:10 +0000
70e40bb90d23bbc3	Cold Caller / VertriebsmitarbeiterIn (Freelance/Anstellung)	LOTARO	Anywhere in the World	weworkremotely	Wed, 16 Sep 2026 11:12:55 +0000
d99094513fb1ce89	Enterprise Account Executive - Florida	PagerDuty	Anywhere in the World	weworkremotely	Wed, 16 Sep 2026 07:30:48 +0000
00f1f7dbd5c2e6e3	Remote Sales Representative — Business Financing	ROK Financial	Anywhere in the World	weworkremotely	Mon, 14 Sep 2026 17:23:38 +0000
c665aa85194d1fc2	Affiliate Business Development Manager, CIS	OKX	Anywhere in the World	weworkremotely	Mon, 14 Sep 2026 07:31:07 +0000
100b525693721a1f	Affiliate Business Development Manager	OKX	Anywhere in the World	weworkremotely	Mon, 14 Sep 2026 07:31:07 +0000
998cf07f04b57e62	Developer Relations Engineer - UK	Storyblok	Anywhere in the World	weworkremotely	Sat, 12 Sep 2026 07:30:57 +0000
63821544f171acb1	Account Executive - Federal	Celonis	Anywhere in the World	weworkremotely	Sat, 12 Sep 2026 07:30:53 +0000
cec688f03c19fce9	Account Executive - CPG	Celonis	Anywhere in the World	weworkremotely	Sat, 12 Sep 2026 07:30:47 +0000
5cc3e681bd56c751	Business Development Representative - Japan (Remote)	Dropbox	Anywhere in the World	weworkremotely	Fri, 11 Sep 2026 07:30:47 +0000
5cf424f1840b4dc4	Referral Partner for @BudgetsByTammy on TikTok - 25% Commission	Budgets by Tammy	Anywhere in the World	weworkremotely	Fri, 11 Sep 2026 00:59:03 +0000
88f99a009fb785b0	Account Executive 3 - DACH	Wrike	Anywhere in the World	weworkremotely	Thu, 10 Sep 2026 07:30:45 +0000
e8730b9cf2a819ff	Project Manager	UTTR	Anywhere in the World	weworkremotely	Wed, 09 Sep 2026 15:41:42 +0000
6287d52ed2637cdf	Senior Performance Marketing Manager (Part-Time)	UTTR	Anywhere in the World	weworkremotely	Wed, 09 Sep 2026 14:34:00 +0000
278d6c15e05953a8	Marketing Manager – Social Media (Instagram & TikTok)	xoangels	Anywhere in the World	weworkremotely	Wed, 09 Sep 2026 13:32:25 +0000
be4a24a61ceefce4	Account Executive, AI/HPC, Neo / Sovereign Cloud (EMEA)	Everpure	Anywhere in the World	weworkremotely	Wed, 09 Sep 2026 07:30:41 +0000
beeba96fe7c9383c	Business Development Lead, Digital Agency	Current	Anywhere in the World	weworkremotely	Tue, 08 Sep 2026 07:30:53 +0000
5cb8d5adf421c323	Performance Creative Strategist and AI Producer	Icarus Digital Marketing	Anywhere in the World	weworkremotely	Tue, 25 Aug 2026 00:58:16 +0000
f911d0ad04a5c443	Senior Demand Generation Manager	TestGorilla	Anywhere in the World	weworkremotely	Wed, 29 Jul 2026 11:06:06 +0000
9f884851c2d7cfe3	Remote Inside Sales	Your Resource Group LLC	Anywhere in the World	weworkremotely	Wed, 06 May 2026 18:04:24 +0000
bf79c089d7aa4526	Inside Sales - Account Executive	Credit Wellness LLC	Anywhere in the World	weworkremotely	Mon, 13 Apr 2026 14:03:37 +0000
f7bce5fd2cbf16d6	Affiliate Marketing Manager	Hello There Collective	Anywhere in the World	weworkremotely	Wed, 18 Mar 2026 07:58:07 +0000
d3341d906c9cc961	Senior Product Adoption Strategist (Shopping)	reddit	Anywhere in the World	weworkremotely	Wed, 21 Jan 2026 19:48:20 +0000
42263be74ff7d853	Brand Content Manager	accelerate agency	Sarajevo Canton	weworkremotely	Tue, 29 Sep 2026 19:07:41 +0000
a636f026e5545abc	Business Development Manager	Softswiss	Anywhere in the World	weworkremotely	Tue, 29 Sep 2026 19:07:41 +0000
4802098c64751006	SaaS Revenue & Financial Analyst - Flosum (Belarus)	Flosum	Anywhere in the World	weworkremotely	Tue, 29 Sep 2026 19:07:41 +0000
db39872f2863c978	SaaS Full-Stack Developer (100 % remote) (m/f/d)	EWOR	Europe	weworkremotely	Tue, 29 Sep 2026 19:07:41 +0000
aaa65a677973ab8f	Product Owner	Zanda Health	Anywhere in the World	weworkremotely	Mon, 28 Sep 2026 14:39:57 +0000
4edd897cbfb9a000	Senior Product Director, Client Engagement Group	Squarespace	Anywhere in the World	weworkremotely	Wed, 23 Sep 2026 07:31:13 +0000
87d4fb8f8014b932	CPS Engagement Manager	Collibra	Anywhere in the World	weworkremotely	Fri, 18 Sep 2026 07:30:47 +0000
d265a245fce335b8	AI Product Operations Lead	Typeform	Anywhere in the World	weworkremotely	Thu, 17 Sep 2026 07:30:57 +0000
08a70bcadef7acbe	Head of Operations - Shopify App Portfolio	GeoPro Labs Inc	Anywhere in the World	weworkremotely	Fri, 11 Sep 2026 19:55:10 +0000
7145d45bc7673a51	Membership Coordinator	Coaching.com	Anywhere in the World	weworkremotely	Thu, 10 Sep 2026 19:39:20 +0000
26ab9056c601e3b2	Director – Global Strategic Partnerships			remoterocketship	
f7266ba5d196c088	Senior Customer Success Manager, Strategic			remoterocketship	
10f951901c20b251	Client Success Executive – Implementation and Accounts			remoterocketship	
6937513b19421525	Senior Customer Success Manager			remoterocketship	
69327384062863b7	Senior Customer Success Manager			remoterocketship	
35a43606b1fac296	SMB Customer Success Manager			remoterocketship	
b95fa563a70856fd	Senior Customer Success Specialist			remoterocketship	
7f5d89d3d7b2338b	Alliances Success Manager			remoterocketship	
5760b6247c60bf44	Client Success Manager – Logistics			remoterocketship	
86f11e9179822b83	Digital Customer Success Manager			remoterocketship	
1331829e92585048	Customer Results Manager			remoterocketship	
c9cf246b6a2b9caa	Client Success Coach			remoterocketship	
afeaa6b37623604a	Support Account Manager			remoterocketship	
22bac0442c086e64	Customer Success Manager			remoterocketship	
ae8430c89d6adf12	Customer Success Manager			remoterocketship	
2aa47569caea1338	Customer Success Manager			remoterocketship	
1c372b0a5a08f439	Customer Success Manager			remoterocketship	
01994f939ee69fdf	Community Development Manager			remoterocketship	
a184fda5f62a4fd7	APAC Product Launch & Market Readiness Project Manager			remoterocketship	
2d7c69e1ca3b1ea1	Project Manager – Feedback on Resource Organization Prototype			remoterocketship	
51fc11349a7dfe1a	Junior Project Manager – eCommerce			remoterocketship	
a6150342630c7fed	Junior Project Manager – eCommerce			remoterocketship	
d4f15c3498a2d950	Senior Localization Project Manager			remoterocketship	
a4613fe5581951ed	Senior Project Manager			remoterocketship	
7d932802f2a08b47	Bilingual Project Manager			remoterocketship	
67d94cf90dd324d9	Bilingual Project Manager			remoterocketship	
9caea3cde80ed96e	Project Manager – Planetary and Human Health Initiative			remoterocketship	
d5ae80165a1ade0c	Project Manager			remoterocketship	
8c2583a34761d5d8	Marketing Project Manager			remoterocketship	
0aafc72307c55894	Campaign Operations Manager			remoterocketship	
8be751c2af33714b	Marketing Operations Manager – Contract			remoterocketship	
677cd28561af8f98	Customer Success Operations Manager			remoterocketship	
8de68eda5a704e89	Senior Strategic Account Manager, DACH			remoterocketship	
fe83a7c6f207f442	Residential Account Management Team Leader			remoterocketship	
d4585e1ff9d6a136	Channel Account Manager – DACH			remoterocketship	
8767b41699be18b4	Accountmanager			remoterocketship	
da1b27742c02664a	Accountmanager			remoterocketship	
39a2ab2ea409eb05	Biopharma Account Manager			remoterocketship	
d6385bda16bd5ee3	Manufacturing Innovation Consultant, Scale-ups, Production Partnerships			remoterocketship	
72cf4ce43191f984	Senior Manager, Account Management – Licensing			remoterocketship	
6d16a539f2a91d5f	Freelance Project Manager			remoterocketship	
f3bbf08723ac3aa8	O&M Project Manager – Europe			remoterocketship	
f6a60ba34dc67a9a	Senior Project Manager			remoterocketship	
cc9420aff4c5a70a	Compliance Operations Manager – Traffic & Content			remoterocketship	
