6e9a85493ef898f1	Werkstudent Data Analyst & Automation Engineer (m/w/d) | 100 % remote	hey contact heroes GmbH	Hamburg	arbeitnow	1791372656
6edcbf3b4ceb6d02	Fashion Menswear Designer (m/w/d)	Vision Brand House GmbH	Delmenhorst	arbeitnow	1791372655
6b33729d851ff1bb	Online Marketing Manager (m/w/d) Remote	Just Hiring	Berlin	arbeitnow	1791370913
c0e2927005149a00	Data Analyst & Automation Engineer (m/w/d) | 100 % remote	hey contact heroes GmbH	Hamburg	arbeitnow	1791369116
f0f81d061393c272	Delivery and Program Operations Manager			remoterocketship	
b8b683930e4428b2	6ac53e7c8a27695aea33175c business development client success manager facility management			jobgether	
f2689e37ce2e2e2b	6ac487ab8a27695aea2fd8c2 client success coach			jobgether	
9b18243f033b8a83	6abe98f28a27695aea178bf6 client success manager			jobgether	
321737728c40cfc9	6a23329bf8af0ea2c4086ba1 client success manager			jobgether	
cb9ef8b172f2e292	6abd64118a27695aea121397 client success executive			jobgether	
a7bc617b280a0b98	6a56fedcac00a71a5a906401 client manager			jobgether	
1741a294181ebeed	6a29912b135f3346537c622b commissioning client manager data center			jobgether	
6928916d039fdfe9	6a879c2da55bd7e3ae0f8cda client success manager			jobgether	
aa34267aee136395	6a7fc14a490731f1e1a1aed5 client success manager			jobgether	
edef09499f578729	6a23b116f8af0ea2c4091d2b client success manager			jobgether	
4ff922d7885be9cc	6aacbe93a819b4e027d4a68c manager client success			jobgether	
89b85cf15999c13b	6aacbe93a819b4e027d4a68e director client success			jobgether	
c0d5f818de3450cd	69fd590ff77bd30198671a0a associate customer success growth			jobgether	
5e1904d10c1a1586	6a805c16490731f1e1a56c8f client success manager automotive			jobgether	
4fac9bec7e072c5b	6a39b78763c956434a826103 client success manager enterprise accounts at scarpel telecom			jobgether	
1ddf862661177d66	69dfbd57c646310ee38fbfbf junior client success manager education			jobgether	
71131c9452321357	6a7fcf54490731f1e1a1fbd3 business development client success lead			jobgether	
f46f62de5c4a2cee	6a06855e5a8ef7f700ea33aa client success manager pipeline execution			jobgether	
7eda27424d93ff85	6a90581ec2413eb6cfc91ec7 customer support success manager digital events			jobgether	
5d4196deaca22d63	6ab1be55865119c687d86e65 client success manager			jobgether	
11affc2f0b3c647c	6a8860fe1de6f4542a4c6283 client success representative			jobgether	
03f1a78a8c1676b1	6a00c0ce8444a8266554b9f6 client executive			jobgether	
b1d863868f718e89	6a8666c3a55bd7e3ae0bd5ba customer success expression of interest form			jobgether	
11062b86f27c402e	6a6a006e1b23f4f87b4492b3 community manager			jobgether	
078231f77694c9fa	6a6ab7491b23f4f87b465901 community manager intern remote job			jobgether	
cf8c3eb6273dbd37	6a9833140875ca77c4bce32f community manager			jobgether	
631d9c4f5c788309	6a2d779263c956434a766cd9 senior community manager			jobgether	
dc2489cbb9b55eb1	6a96e1810875ca77c4b7a5d8 community manager f m d regular senior			jobgether	
f7bee46b1ac75cbf	69eebc37c646310ee39c171e spontaneous application community manager video games worldwide remote			jobgether	
fccac01c79127131	6a9824f80875ca77c4bc753d community manager			jobgether	
cb5536dd2f49ca31	6a2316b4f8af0ea2c407fcb3 community manager			jobgether	
3b6b6455c49d3606	6a2bdfc5135f3346537fbacb community manager remote worldwide			jobgether	
3d554cd2ced78f6b	6a970bd50875ca77c4b86bd6 community lead			jobgether	
78d4feab8f1e9aa3	6a428f8b2da8cde35c793e41 science community lead			jobgether	
eaa6346c79007812	6a879c32a55bd7e3ae0f9460 media community coordinator			jobgether	
54ff294ae58e5416	6ac5a0fd8a27695aea34c90f senior lead partnerships			jobgether	
50ffb058ef6623dc	6abb315c8a27695aea083fa7 partner services manager emea			jobgether	
4ad09293e9f87737	6ab64da7865119c687ef24f3 partnerships manager ecosystem			jobgether	
1e0607b83e33b52c	6ab6074f865119c687ec16c0 vp of partnerships emea			jobgether	
eac0f554ecf67d98	6ab70452a8ab05b961c10ea6 technical partner manager			jobgether	
1ebd90935bf754ae	6ab4a797865119c687e5569a sr. manager partner onboarding			jobgether	
c1df938900400657	6ab6942b865119c687f21cf2 partner manager emea			jobgether	
d0746d01f83fb63e	6aadadb3a819b4e027d85619 commercial partnerships manager emea			jobgether	
42e1e5be563b4e53	6ab5eb77865119c687eaddf3 alliance and partnership manager emea			jobgether	
769d0a7f5bcf3026	6ab20496865119c687d9af3e artist partnerships portfolio manager			jobgether	
d774f5b6a990883d	6aac8662a819b4e027d3490b partner alliance manager			jobgether	
7db2109ec7baa77f	6aa86852b563ea142ea975d0 strategic partnerships manager emea			jobgether	
e61e1b38048aa367	6ac5cb378a27695aea35ee23 senior software engineer predict			jobgether	
4c6592a0b79edbf2	6ac5cb248a27695aea35e9fe events marketing manager emea			jobgether	
c99dbad003e10ccb	6ac592eb8a27695aea347c99 partner and customer enablement lead			jobgether	
999c4ab09d79d928	6ac5144a8a27695aea322607 senior mobile engineer grafana ops irm sweden remote			jobgether	
77f3afc29ff0cb7d	6ac5144a8a27695aea322609 senior mobile engineer grafana ops irm uk remote			jobgether	
6aad96d05469a876	6ac5144a8a27695aea322601 senior mobile engineer grafana ops irm us est remote			jobgether	
c5058423013dd872	6ac5e7338a27695aea3687c8 appointment generator virtual			jobgether	
151cfe54d7a0dd1c	6ac44f738a27695aea2e6580 product manager ii			jobgether	
f28f23d5af99d3b8	6ac5af2a8a27695aea353769 manager career services			jobgether	
902ac55496e351e6	6ac5af2a8a27695aea353767 admissions representative west coast schedule			jobgether	
a58d4831442832e0	6ac5cb908a27695aea3609a0 talent acquisition coordinator			jobgether	
ff6308373fb62e0a	6ac5af098a27695aea352fa0 seo specialist			jobgether	
41ad266fb371d210	6ac5af098a27695aea352f88 social media strategist			jobgether	
e71eeb54659d44ab	6ac5af098a27695aea352f78 sales executive			jobgether	
584626f725942c07	6ac603638a27695aea36ed10 technical support engineer			jobgether	
3ca8336f2710f835	6ac5a0fd8a27695aea34c97f integration engineer			jobgether	
36f4cfda6a89485c	6ac5a0fd8a27695aea34c94b hr manager			jobgether	
fbc84e0dc9bf43db	6ac61f7f8a27695aea3784af data scientist			jobgether	
03760cebc73911e6	6ac45d9a8a27695aea2ecf89 expert team lead swe			jobgether	
b2bd6cbe341912a9	6ac5cb248a27695aea35e9ba sales executive senior			jobgether	
4134b3e9bb7e5f07	6ac5af1a8a27695aea35339b customer success lead			jobgether	
5e51dff808a4d063	6ac5af1a8a27695aea35339f angular developer			jobgether	
da0682351a9f743f	6ac5af1a8a27695aea35338f servicenow architect			jobgether	
508bcdc19e674c3d	6ac5af1a8a27695aea353393 .net developer			jobgether	
ad5e19b7528cb510	6ac5a0ef8a27695aea34c586 marketing assistant			jobgether	
120682f88dcdb4ff	6ac61f7f8a27695aea3784ad senior scala data engineer			jobgether	
a60300dd47c27794	6ac5af1a8a27695aea35330f data engineer mid senior level			jobgether	
61793549bfcfdd09	6ac5af098a27695aea352f7e junior business analyst			jobgether	
4e8b45c33a78e59d	6ac5a0fd8a27695aea34c96f freelance content writer			jobgether	
b0352a0a08ca868f	6ac584e58a27695aea344be6 vp of engineering			jobgether	
ef1940f7041613de	6ac592eb8a27695aea347c5d junior product manager			jobgether	
b4dc36404957dad4	6ac5cb7f8a27695aea36048b account executive			jobgether	
a99b4649aa97d905	6ac584c98a27695aea3444a4 senior game designer			jobgether	
dc083689388fc86e	6ac5af098a27695aea352fd0 data engineer			jobgether	
e620ff72e08d5c3c	6ac5af098a27695aea352fca data analyst			jobgether	
c6d082ef2a5370dd	6ac5af098a27695aea352fd8 technical writer			jobgether	
876ff6ab14a21d83	6ac5a0fd8a27695aea34c93d head of sales			jobgether	
73445d1f2420d437	6ac5a0fd8a27695aea34c977 accounting specialist			jobgether	
3a2294e2ad58b8fc	6ac5cb908a27695aea3609a4 property accountant			jobgether	
a77c67d5506d39ec	6ac5cb7f8a27695aea36050b senior sales director emea			jobgether	
6dfa2e221e57d337	6ac5cb638a27695aea35fc49 chief marketing officer emea remote fr speakers			jobgether	
d1ee07aada4c909a	6ac5cb378a27695aea35ee51 account executive uk			jobgether	
0acda31674020095	6ac5cb248a27695aea35e9e4 head of marketing compliance			jobgether	
115d6e89c7c72957	6ac5af2a8a27695aea35372d contract senior front end engineer			jobgether	
dc7449fc2ae1107b	6ac5af1a8a27695aea3533a5 senior database administrator			jobgether	
102a68092fd8fab5	6ac5af1a8a27695aea353399 senior .net developer			jobgether	
31d7bb49cf364af9	6ac5af1a8a27695aea35339d senior data analyst			jobgether	
bccb5c1172d210c5	6ac5af1a8a27695aea35338b php developer contract			jobgether	
d1a350aec764a29d	6ac5af1a8a27695aea353381 senior data engineer			jobgether	
1a0e0213973eba05	6ac5af1a8a27695aea35337f lead .net developer			jobgether	
f1921534160d6385	6a7fcf58490731f1e1a2035a freelance lms trainer content development opportunity			jobgether	
21c406f564d907ca	community manager 5725892			dailyremote	
1c1ad1a30dde63a5	community manager 5715905			dailyremote	
09996c2a98e3f334	community manager 5715812			dailyremote	
37c5733ba20b57fc	community manager 5686869			dailyremote	
df8055b9b6efd6bc	community manager 5659926			dailyremote	
c6478ed9df3b4e33	community manager 5654160			dailyremote	
edbff6942b7c4ed2	community manager 5632553			dailyremote	
7cd98c3ad48a4bd5	community manager 5630838			dailyremote	
1c28533514fdf3ce	community manager 5627183			dailyremote	
6f9351a94ac55b32	community manager 5449609			dailyremote	
969d9a2d16cb6b0e	community manager 5434997			dailyremote	
216ae7a660f1bae5	community manager 5398120			dailyremote	
d83245049223b1d0	community manager 5331679			dailyremote	
f5f49c33ece9e232	community manager 5255369			dailyremote	
5b36a0db5b43f248	community manager 5214042			dailyremote	
7ded0f7a7a950fa7	community manager 5091303			dailyremote	
6adf3a545bfb76d0	community manager 5080101			dailyremote	
5eff9b6f38f19359	community manager 5030108			dailyremote	
172e8fa330607295	community manager 5024796			dailyremote	
c978beb842d02db4	community manager 5013502			dailyremote	
5aa651c0c2b39ffd	community manager 4903232			dailyremote	
49ceed7e31f66272	trust and safety community manager 5727449			dailyremote	
6afc2556595cf0f9	manager community and state initiatives 5726862			dailyremote	
e69123b471e83a11	community manager lat am 5724803			dailyremote	
8dd1e550fc04a7a2	brand community manager 5723187			dailyremote	
0b16e5bd097a47e3	associate community manager pooling 5717523			dailyremote	
1a652dfb1bd5d175	community manager x twitter discord 5717034			dailyremote	
b1cbe4a927681a95	membership sales and community manager 5711754			dailyremote	
5a956f8a0304203b	social media community manager and moderator french canadian 5705430			dailyremote	
42b96921972226bb	senior developer community manager 5693104			dailyremote	
5e59791fff183ca6	account manager 5729409			dailyremote	
c9023ff5ae7c2fc7	account manager 5728492			dailyremote	
b959014cba37da3f	account manager 5727861			dailyremote	
805d0b6dca2cd8fb	account manager 5727091			dailyremote	
3dfb5b7fbdfced58	account manager 5726984			dailyremote	
1fe3743bb2f8ff4a	account manager 5726983			dailyremote	
92dfbf1e5a749fab	account manager 5726808			dailyremote	
d48961096da6a93e	account manager 5726688			dailyremote	
5b020c4da1494a4e	account manager 5726177			dailyremote	
2306a6cfd28c67b6	account manager 5726125			dailyremote	
6ee30c84bec7b2e1	account manager 5725714			dailyremote	
fcf02a429eeabf3f	account manager 5725531			dailyremote	
42c38cf339120f4a	account manager 5723952			dailyremote	
bb285974be49858a	account manager 5723443			dailyremote	
8ad0c74ed9bdd14f	account manager 5723360			dailyremote	
21f99873b98740c8	account manager 5722621			dailyremote	
ec847eec60e48374	account manager 5722514			dailyremote	
0e004c66f9b6340b	account manager 5722051			dailyremote	
511a04372580876b	account manager 5722004			dailyremote	
037c0a52e9cd8837	account manager 5721686			dailyremote	
fd527abc85e3207a	account manager 5721342			dailyremote	
d29e44f26ec0ec8f	account manager 5720902			dailyremote	
c6c2c71ee9bc02b5	account manager 5720762			dailyremote	
300d6a8b68ee4454	account manager 5718940			dailyremote	
335521f03abee8b5	account manager 5718072			dailyremote	
0a85c90462d51df0	account manager 5717467			dailyremote	
ff61d19b480c1cbc	account manager 5717162			dailyremote	
c6fb96e016c42fdb	account manager 5717078			dailyremote	
bfb5e4078985cd2c	account manager 5716980			dailyremote	
b9427fe103a99d25	account manager 5716692			dailyremote	
21287527404d6175	customer success 5518709			dailyremote	
f1a5e3471350d561	customer success 5480117			dailyremote	
c3dc70911e22286f	customer success 5098370			dailyremote	
9a71e57ed3da0780	manager customer success mea 5729632			dailyremote	
e559d0b8795a1aea	account manager customer success 5729620			dailyremote	
6c2b9a99ab4e1384	senior customer success manager m w d 5729501			dailyremote	
c125d2aebfa9afe6	customer success manager 5729435			dailyremote	
8c6fce4cc0220062	operations coordinator customer success 5729411			dailyremote	
c53100a0d8719a84	customer success operations manager 5729410			dailyremote	
68e9d1c5160e1ffd	customer success specialist smb 5729407			dailyremote	
4fdcd2b88d1db9c4	sr customer success specialist 5729406			dailyremote	
3a70c92bbcfa3f8e	sr customer success specialist 5729404			dailyremote	
54e36e6166efdc69	customer success manager 5729072			dailyremote	
c54fe14150a001ee	customer success program manager 5728495			dailyremote	
aa7fdc00c7efd91c	lead enterprise revenue architect customer success 5728392			dailyremote	
4a101c0e7f39e2a8	manager i customer success 5728072			dailyremote	
ced5296fb423f0b3	customer success associate 5728068			dailyremote	
3db817bb3a1154e8	sr director of customer success 5727810			dailyremote	
571ef5b937e6b4e9	scaled customer success manager 5727542			dailyremote	
0c81385dc7fd27c1	senior customer success manager strategic 5727520			dailyremote	
d579fa94af87339d	sr mgr customer success mgmt 5727489			dailyremote	
056a5354a22228be	sr manager customer success healthcare cybersecurity armis veza 5727457			dailyremote	
153a025c28441932	customer success specialist 5727410			dailyremote	
d6f30f6b1feb8d0b	manager customer success americas 5727361			dailyremote	
032d7a69710971a0	manager customer success management 5727165			dailyremote	
ed2a319b26974045	principal customer success executive service now 5727064			dailyremote	
e8ed5570f4da434d	sr customer success manager 5727061			dailyremote	
7690f8bd0f91230d	sr customer success manager armis veza 5727057			dailyremote	
deaa9a6e89a1125d	senior customer success manager hawaii 5726834			dailyremote	
234c1f73eb7f3ae2	principal customer success manager 5726786			dailyremote	
16afcc175c2c4e76	project manager 5729013			dailyremote	
bd8d31874bb243aa	project manager 5728169			dailyremote	
c240131a0716fa8a	project manager 5728070			dailyremote	
56e78a733b275d3b	project manager 5727957			dailyremote	
8cc8133a3978adb1	project manager 5727381			dailyremote	
10b8ddfb17fc3ee1	project manager 5726935			dailyremote	
3ff88a9435c0e57f	project manager 5726654			dailyremote	
a1adac3f77627db7	project manager 5726603			dailyremote	
5a9a06d813030c75	project manager 5725442			dailyremote	
245b7ae1de6f6b46	project manager 5725363			dailyremote	
dc9b651746f7a7df	project manager 5724408			dailyremote	
6ba2f9d884881d03	project manager 5723977			dailyremote	
9a93a286fc2ec52b	project manager 5723645			dailyremote	
0ed50b42db25f2a7	project manager 5723175			dailyremote	
edcb39464100757a	project manager 5721454			dailyremote	
4f296639b36e567a	project manager 5721074			dailyremote	
857f3a36e297effb	project manager 5720938			dailyremote	
e349b21815643bf0	project manager 5720256			dailyremote	
d430abf08beb0bab	project manager 5717811			dailyremote	
ecebadc83394184d	project manager 5716266			dailyremote	
9c2b431880f3a24f	project manager 5716172			dailyremote	
af274b2098df83d3	project manager 5716068			dailyremote	
a0d7418add7cc183	project manager 5714366			dailyremote	
8fbe299b1eee96b9	project manager 5714142			dailyremote	
6fa434aa529d7e9b	project manager 5713129			dailyremote	
ba5fcac182af9348	project manager 5712665			dailyremote	
7b83bc3ced329fc9	project manager 5712465			dailyremote	
87456529d1a5be42	project manager 5712407			dailyremote	
ced8993e9bb1bf78	project manager 5712069			dailyremote	
a3b8c05e4d1c0993	project manager 5711897			dailyremote	
3ca45fbb58a1ed56	benefits resource representative contract 5729864			dailyremote	
aeb0a5b6d8bc7019	scheduler shift coordinator 5729862			dailyremote	
e2926495e7401166	work from home associate training provided flexible hours career path 5729849			dailyremote	
8834a6e78c29758b	vp treasury operations 5729842			dailyremote	
e441e15ceb486b59	emr analyst i epic billing 5729837			dailyremote	
65d2305503005a5c	contract resolution specialist 5729836			dailyremote	
e5eff4a975aa86ff	service operations general manager eagm zone 5729831			dailyremote	
52d0f13c0f4c7831	svp m a and corporate strategy 5729816			dailyremote	
ff68afb9f4eb8241	cts operations analyst 6 pm 6 am cst 5729814			dailyremote	
3797820eb21e32f8	manager market strategic finance 5729811			dailyremote	
755b750ec239f860	front end engineer 5 seo shopping remote eligible 5729810			dailyremote	
39fc37b296da8ed8	manager data science consumer and developer experience remote eligible 5729809			dailyremote	
e4b0e1451a07fc7d	director product management capital one software remote 5729808			dailyremote	
1cb21fffe0df8f51	actuarial analyst ii 5729802			dailyremote	
90cd9f3b590dad74	payroll intern 5729799			dailyremote	
ee4d05ed1d752329	home based staff accountant 5729796			dailyremote	
b15869eb7aa8692e	member engagement billing and data specialist 5729781			dailyremote	
286c89f497350970	strategist participant communication 5729768			dailyremote	
2c41f237b8d56f84	senior engineer site reliability data operations 5729767			dailyremote	
06a15fb7242e8003	associate director revenue integrity 5729764			dailyremote	
abbca46d2ff26614	flight deck senior industrial engineering leader 5729763			dailyremote	
08b467c375430fcc	cloud operations dba 5729761			dailyremote	
8e4037998fcf335d	manager global central operations remote 5729746			dailyremote	
db257da8a11f2cb5	senior applications administrator 5729743			dailyremote	
95dd67e96f775fe0	director quality operations 5729720			dailyremote	
cf2698808c3d2d8a	project manager sdi services 5729716			dailyremote	
11595ab9c263e619	associate sales manager south banglaore 5729710			dailyremote	
2045e0e9aca0b38b	inside loan officer 5729699			dailyremote	
6b60c5adbd6e2fa4	sr compliance analyst idi 5729698			dailyremote	
01651c79c3f9bfc2	home based production specialist 5729695			dailyremote	
b426d135214e7275	content writer 5707768			dailyremote	
bb8565829bb8dc7a	content writer 5667675			dailyremote	
2aa17603aa4f1b97	content writer 5663030			dailyremote	
cd0e519722273aef	content writer 5659675			dailyremote	
0539e24e6babce49	content writer 5637261			dailyremote	
7efcd05f5668063a	content writer 5541555			dailyremote	
8841aaceb12e76ad	content writer 5510305			dailyremote	
b3af5449b838dd7f	content writer 5467330			dailyremote	
518f5b72766c0eb2	content writer 5438799			dailyremote	
61990e355c23478d	content writer 5402854			dailyremote	
744c17e67b9749bc	content writer 5244850			dailyremote	
466f104dc89aa4cf	content writer 5084232			dailyremote	
2137ff2fddab45d3	content writer 5029322			dailyremote	
766f04d457e87915	content writer 4169750			dailyremote	
78bf025ae334286b	content writer officer 5729595			dailyremote	
0b54f4cb7234231e	ebiz on content writer ii noida 5728980			dailyremote	
c3fce17985618b28	script writer content tamil gyan tv 5724857			dailyremote	
d74fa36b31d60b3c	turkish speaking content writer 5724446			dailyremote	
81e1442f73c82814	senior content writer b 2 b saa s 5718488			dailyremote	
ee30caa4e920d935	commercial content writer editor 5709528			dailyremote	
f5b3f17b22505664	content writer chichewa remote 5708284			dailyremote	
0ac291cdbf882b4f	senior corporate content writer storyteller 5708236			dailyremote	
89a52cd9ec760137	content writer backfill 5705585			dailyremote	
f5aadae059526d0a	travel content writer 5702589			dailyremote	
746ff4095fcc6877	script writer content telugu gyan tv 5701866			dailyremote	
aeb5150a0607d3a2	script writer content kannada gyan tv 5701865			dailyremote	
cc782359874ef67e	script writer content bengali gyan tv 5701864			dailyremote	
59fa18e2d0a29974	content writer copy editor 5701208			dailyremote	
7fcafcedafd81487	content writer copy editor 5701207			dailyremote	
e7cf27e582caf810	seo content writer 5699024			dailyremote	
eb8c182fde0da3b7	copywriter 5419154			dailyremote	
4f2d0b6a1831a3fb	copywriter 5722504			dailyremote	
e8033a43aa8ea825	copywriter 5717489			dailyremote	
b1dcc0489b0c54da	copywriter 5708936			dailyremote	
772da54466b32208	copywriter 5708935			dailyremote	
041d6be7e540a6cb	copywriter 5708144			dailyremote	
4abebad1690a1002	copywriter 5697956			dailyremote	
a8e223d59bab2f96	copywriter 5675962			dailyremote	
510ca3afaac22ba8	copywriter 5665921			dailyremote	
32a372be88a15366	copywriter 5659788			dailyremote	
4f5a182463b041ac	copywriter 5637718			dailyremote	
fa9dbb67feb52237	copywriter 5629107			dailyremote	
4ce5ba9dd425f035	copywriter 5618065			dailyremote	
1242a13e2b913f6b	copywriter 5602804			dailyremote	
19aac6fa0d11dc04	copywriter 5505713			dailyremote	
dcb258658662e9fb	copywriter 5485817			dailyremote	
5ff73e3ad82b63ff	copywriter 5477998			dailyremote	
11946a134e40ab67	copywriter 5477043			dailyremote	
dffee849244ac811	copywriter 5431421			dailyremote	
a1a7c58e7ac99e0e	copywriter 5416139			dailyremote	
57df0244588321f2	copywriter 5374457			dailyremote	
4d59219c371a8c4c	copywriter 5372682			dailyremote	
d0b39fb0287b29ff	copywriter 5366296			dailyremote	
0ea822447b29a836	copywriter 5095459			dailyremote	
e97975b21707b76b	b 2 b copywriter marketing coordinator execution and implementation 5728504			dailyremote	
dc284f0f663edd0e	b 2 b copywriter marketing coordinator execution and implementation 5728503			dailyremote	
7f74a2826b31e53b	senior copywriter 5728167			dailyremote	
b7efc6728bb755a5	senior copywriter sports emphasis 5727533			dailyremote	
8a1292ca50a6f651	cold email copywriter 5726450			dailyremote	
483e726389184c6a	creative strategist copywriter paid social latam the caribbean 5725311			dailyremote	
015492de1b5b4490	retirement plan advisor 5729843			dailyremote	
48ef35b0a34b275e	global senior director pharma partnerships 5729839			dailyremote	
f9e4b791c739425c	rehab counselor ii youth houlton bangor 5729838			dailyremote	
8a92ddd580f4ead3	academic program director school of nursing and health sciences msn programs 5729791			dailyremote	
356bad80ac2f5bc7	academic program director school of nursing and health sciences msn programs 5729788			dailyremote	
f45aef0b0c3ba06f	retirement plan advisor 5729769			dailyremote	
d67e64972cc2d62a	client executive state and local 5729725			dailyremote	
293df31bea394978	sales executive distribution ed gov bsc 5729711			dailyremote	
38c56cbb2858bfac	employee benefits consultant voluntary benefits 5729702			dailyremote	
e58ce0534dc5d2c6	vp relationship director and investment specialist 5729675			dailyremote	
5c3ac3bb2b3b3d0c	account manager advanced performance materials emea 5729670			dailyremote	
0576a12cc55a966c	contract operations support specialist 5729638			dailyremote	
cd0fe02d975b4c61	director of technology operations 5729593			dailyremote	
769767ebbd1d0959	sales manager 5729575			dailyremote	
ddee52cb5ae6ee52	business development manager sales f m d 5729500			dailyremote	
ab9932ce0ed20960	director finance shared services experience remote 5729481			dailyremote	
010f1c4074be803e	senior manager epidemiology 5729472			dailyremote	
41f0c5301839f3d3	talent strategy lead remote 5729471			dailyremote	
502c485d8b39aa63	senior oncology account manager hematology los angeles 5729462			dailyremote	
3f746dc968f854e6	portfolio key account partner ontario 5729457			dailyremote	
1c61b824624f1f20	portfolio key account partner quebec 5729454			dailyremote	
8b16b7d3ce869414	senior manager new product planning 5729445			dailyremote	
e1c66664fbc2e61f	associate director campaign orchestration eu intl 5729442			dailyremote	
d486a52f2a7dc7c5	associate director cancer center partnerships 5729401			dailyremote	
4e9cf4dec0e739be	senior associate industrial clusters industry program germany 5729396			dailyremote	
011e8854e54e5798	remote job automation			nodesk	
6463be826afe6d58	remote companies			nodesk	
2a29d86b8df83045	spiralyze project manager			nodesk	
a0ca7e81fb64b278	project management			nodesk	
851b4268981161f1	working solutions benefits enrollment representative short term contract			nodesk	
494d9a67ac9b4a6c	working solutions			nodesk	
316aad6acfd1cdb5	customer support			nodesk	
062e16d705a383e5	working solutions project advisor home services			nodesk	
755a6c6329bdc8d3	working solutions quickbooks software customer support			nodesk	
cc671e29fec94829	toptal enterprise sales development representative			nodesk	
2d6523e29542713d	remote first			nodesk	
c8b1b6e75b9b2020	business development			nodesk	
b4eb812513046253	toptal client advisor			nodesk	
0c6bd8ed07e77831	account executive			nodesk	
179df7e9967be1e9	inbound sales			nodesk	
ddf09321ab751176	d2line google ads performance marketing specialist			nodesk	
df48821001ce48ee	digital marketing			nodesk	
217c8619e2f50abe	beekman social beekman social paid social strategist			nodesk	
268158dd0365be89	beekman social beekman social account manager			nodesk	
352f79edf361c8ac	account manager			nodesk	
558786ebd28c96b9	co2lift customer support representative			nodesk	
ebf4fd7d3e84b40d	iti digital saas client success manager			nodesk	
5183c75289719de9	lemon io senior devops engineer			nodesk	
17417f6b1e11ae7a	imerit technology ai response evaluator			nodesk	
f3d7b000dc06270f	sticker mule software engineer			nodesk	
f60e82f9b56fcccd	sticker mule			nodesk	
1f69e97fd5351200	morgan westfield project manager			nodesk	
6a475c6a2e70b33e	project manager			nodesk	
aa74425da5675e9d	lemon io senior product manager			nodesk	
06258c8afd0de94a	product manager			nodesk	
d0830358f0c3dcf4	blockchain cryptocurrency jobs			nodesk	
6301c3f2652ec7ce	cryptocurrency jobs			nodesk	
37cfb997932bc11e	instacart principal supply chain partner manager			nodesk	
320651761713bf17	root insurance principal corporate actuarial			nodesk	
ccca3ba287485553	root insurance			nodesk	
fcd5a114aea5e50e	maze senior full stack product engineer typescript			nodesk	
8c7b716354f58f9c	nearform technical director			nodesk	
8c807a8d30b92c2b	8x8 senior finance manager systems corporate reporting pigment			nodesk	
7a46d2294fd6b914	stitch fix data scientist			nodesk	
d826e5d1b321f33c	tinuiti tv video audio display senior specialist			nodesk	
99de8e9821bbb178	eight sleep growth marketing manager 3			nodesk	
36c8e9cd5ca2ac31	growth marketing			nodesk	
771375d483e9ace0	wikimedia foundation lead learning experience designer			nodesk	
a6a67473d2a1fd13	wikimedia foundation			nodesk	
39adc103ee234479	apollo senior product designer 2			nodesk	
a7a2dbc87d598fb3	linear product engineer			nodesk	
2258dd219090acd8	north america			nodesk	
f14c172a7e49cf25	brandwatch customer success manager danish speaking			nodesk	
3d549e7c54455101	customer success			nodesk	
dd9baa63ab1764a5	skylight head of people operations			nodesk	
0019c359ded44eab	human resources			nodesk	
939d4d82164fc311	people operations			nodesk	
4f9df6c1865c20ca	olo fullstack software engineer catering 2			nodesk	
dbe977916c0b822a	full time uk			nodesk	
186e85ec5b49d1e1	internet archive partnership development manager			nodesk	
59985159fcc9a63b	internet archive			nodesk	
06773426b207acba	b12 web design and marketing partners			nodesk	
f74113f32c2a46b6	twilio senior tax and compliance analyst payroll			nodesk	
e857643318504764	stripe arg engineering manager			nodesk	
e298f50e354f5fcc	figma manager hris			nodesk	
7aedc0a9c6c23c23	headspace join our talent community as an online mental health coach			nodesk	
c76c3da17612fcf1	descript applied research scientist ai research			nodesk	
8e3d80ff7d3a3097	machine learning			nodesk	
30b494de3d2f25aa	webflow senior infrastructure engineer			nodesk	
54ff4db798fd916f	cratedb speculative application 2			nodesk	
fd7bf599c221a7d5	interaction design foundation senior php laravel developer			nodesk	
e05f490e5b8e171e	interaction design foundation			nodesk	
3480b4ae96474100	mapbox senior business development manager automotive			nodesk	
11c2cc80c1cefcc0	formassembly sales development representative 2			nodesk	
5cf55303478f3a27	vrchat japan business development partnerships associate 3			nodesk	
a55d76c2781019b5	anteriad marketing data insights lead			nodesk	
e2ecf17f74b441a8	cratedb speculative application			nodesk	
8f604132b90c694f	mapbox solutions architect automotive			nodesk	
0ab70ac9312ae145	monzo credit risk manager portfolio management			nodesk	
91d69871d1e276e7	pleo deputy head of financial crime			nodesk	
4098110042b8e31a	activecampaign senior ai engineer			nodesk	
0b5b2f86b6b753e7	credible senior manager accounting			nodesk	
ff86a50f24df8de1	grafana labs senior partner development program manager united states remote			nodesk	
8c27a0fd5cd53a45	grafana labs			nodesk	
fdd882dea67a8af5	mozilla senior staff product manager browser control platform			nodesk	
4ec263f8e49b7c42	rtcamp account executive 2			nodesk	
e2aff3978ffbe152	duckduckgo director data science 2			nodesk	
e0b968e31c8e9e59	streak staff ui engineer 3			nodesk	
5491e26e08c4a135	frontend engineer			nodesk	
133398115237e9d9	simon ai senior account executive			nodesk	
cc9a98a14b055131	ted software architect back end			nodesk	
b63382a2723769ad	redox associate production support engineer tier i			nodesk	
f04e2842e698042f	technical support			nodesk	
7a30fdc38d922b33	enter enter business process engineer			nodesk	
1f4dda6e81aa5495	sana benefits physician			nodesk	
bcb685cad0104abe	planet customer success manager ii 2			nodesk	
f80551470364a979	metalab executive design director brand product			nodesk	
75d455c613660e32	superside ai creative			nodesk	
da34e5d1791b6cde	coursedog account manager 2			nodesk	
a23dd5351e8f0f04	metabase analytics engineer			nodesk	
1dcd8cfc6d014799	full time remote			nodesk	
00a930ed802eac2b	metalab executive design director brand product 2			nodesk	
60865495060de01f	brand designer			nodesk	
d59ee510d329f3b2	product designer			nodesk	
235d30a5d8e96283	hipcamp sr product analyst			nodesk	
e298599348f2dead	bejamas engineering manager tribe chief 2			nodesk	
c273beb5aec4dab9	fleetio director of engineering leverage			nodesk	
e82524073579e789	ruby on rails			nodesk	
e958cd0f23b20a1d	shopify designer			nodesk	
5cd63b33d79f5056	apollo senior data scientist product 2			nodesk	
f348b679c80aa64a	close senior frontend engineer growth			nodesk	
e7ccc84ce7995148	postscript senior customer success manager 2			nodesk	
d186f0c620ba2940	runway forward deployed finance partner			nodesk	
eb067ce6f179d8f1	shopify product management			nodesk	
01ac0f82163b28d0	eight sleep senior accountant			nodesk	
878f849aeecc6dff	uscreen onboarding specialist 2			nodesk	
f06861437a58e098	automattic account executive public sector			nodesk	
c0028f65f081d425	awesome motive growth manager 2			nodesk	
ed0f866716a8d713	aptible senior ii staff software engineer frontend leaning fullstack			nodesk	
825ae363de9b04f9	nearform tech lead python			nodesk	
c0885d50593f3fc4	graphy senior backend engineer ts node			nodesk	
68621770fe72c009	backend engineer			nodesk	
44b9177b20f339eb	superside account director 2			nodesk	
29ab3de6ac343ea7	axios associate director local client partnerships			nodesk	
37b6eaa1f8c97296	canonical cloud engineering manager 2			nodesk	
f7958bf1e40bfb13	engineering manager			nodesk	
998e0bae2ac05d8f	intercom account executive midmarket latam			nodesk	
c8690122c8316024	duolingo ad sales lead west			nodesk	
56918304a6c40c03	superside account director			nodesk	
2f9b5aacdba6a3b5	hubspot account executive enterprise			nodesk	
78c1f0102162d8ce	stripe account executive enterprise platforms hunter			nodesk	
2d5ede2306b0e28a	stripe aeo and geo marketing manager			nodesk	
93138eeeae4e705d	modus create ai engineer python machine learning generative ai llms			nodesk	
1ffcaf9cba478cb3	modus create			nodesk	
385d36287993eb1b	metabase analytics engineer 2			nodesk	
5f3c60221d746378	metalab brand director 2			nodesk	
ffa60fd6aae18e49	muck rack customer support specialist i			nodesk	
d417a302689dbdf6	lemon io senior react full stack developer			nodesk	
465db2f9ffd36cd2	latin america			nodesk	
774e463d5642644f	pack and fly wfh hospitality and travel coordinator			nodesk	
e4ce0719f656f6c9	kodify media group software development engineer in test			nodesk	
03326ced0e8d5c42	kodify media group			nodesk	
f3eff59f50b1a410	clipboard client support specialist workplaces b2b			nodesk	
2752453b10726bc8	wynter linkedin outreach assistant b2b research studies			nodesk	
90f278e2dada88c3	my travel connection hotel and resort coordinator			nodesk	
f5f40b80171f022c	clipboard customer experience specialist			nodesk	
4cfd88bbcabbdb28	inspiring lives today create a flexible remote income stream work anywhere			nodesk	
4c1489d4d7724dd1	content marketing			nodesk	
b45c5b0794932993	gymflow customer onboarding support specialist remote uk europe			nodesk	
211525f8ae732f0f	mercor python swe			nodesk	
6c063cfbb1ffa674	software engineer			nodesk	
5edb6d899cdc2210	mercor bilingual german generalist evaluator expert			nodesk	
322418524db24130	bejamas engineering manager tribe chief			nodesk	
fdacec5ae4d61402	substack events lead uk international			nodesk	
f2c63a070a834e84	olo fullstack software engineer catering			nodesk	
4d40234458449d2c	dropbox regional sales operations manager emea			nodesk	
c6128c2c5eef422f	iubenda senior lifecycle marketing specialist			nodesk	
6c56756e65edc773	airtame senior video conferencing engineer			nodesk	
82c28fa1882a16cf	kodify media group full stack developer			nodesk	
de19943f3ec1d516	agorapulse head of content			nodesk	
51dd1eff7b6c5a81	gradle pre sales engineer 2			nodesk	
74cd23b3b78e5971	kinsta business development representative 2			nodesk	
9ea7185bf435639d	genki mid level backend developer			nodesk	
1ebf5b31831ac4ca	brandwatch analyst french speaking			nodesk	
185c48a82677edc0	uberall account executive bilingual			nodesk	
83309cdd642dcc1c	monzo senior credit analyst			nodesk	
cf349f7983e9cec2	reddit community manager french speaker contract 2			nodesk	
a37a94bee45b99cb	community manager			nodesk	
e8b36c3d218c26ff	livestorm lead solutions engineer			nodesk	
88f8eedd88ddfba2	foxelli group ai filmmaker 2			nodesk	
dc79039e240c7d77	foxelli group			nodesk	
23811ba074ea5cd7	publitas junior service delivery coordinator saas remote eu			nodesk	
f7e656e43f9ca3b5	medium senior data platform engineer			nodesk	
e7f7914e733e6a3c	uberall sr account manager english speaker			nodesk	
d3b2bb63bf719521	graphy senior backend engineer			nodesk	
586bc2d3125a6834	kodify media group system administrator			nodesk	
cc4f19b5d5e22dae	littledata customer success manager			nodesk	
2b550e7088155ee7	organic growth strategist b2b saas remote eu uk			euremotejobs	
9229c86cca9f4b95	lemon io europe latam canada the u s oceania apac morocco south africa contractor freelance full time senior net full stack developer			euremotejobs	
783c476c60c6510e	lemon io europe latam canada the u s apac flexible schedule full time senior data scientist			euremotejobs	
83a5e91ea7fc97f9	lingo dev remote worldwide full time senior content engineer			euremotejobs	
4ab1ee29145cfca9	lemon io europe latam canada the u s apac contract full time senior ai engineer			euremotejobs	
00b165926cc61866	customer support agent remote			euremotejobs	
9c12d1bd0ff561c5	lemon io europe latam canada the u s apac contractor full time senior react java developer			euremotejobs	
b213093b3ec167d9	security engineer grc			euremotejobs	
b20362bded5f8087	senior full stack developer reach			euremotejobs	
232d85e8cbe5bc86	senior software engineer canvas core			euremotejobs	
bc93892145ab3408	fullstack software engineer x f m ops ai platform			euremotejobs	
1906033cd3a824b3	fullstack software engineer x f m internal agentic ai platform			euremotejobs	
66612cc47fd01c80	senior software engineer conversational ai python 2			euremotejobs	
0c3373471f658b92	senior software engineer conversational ai python			euremotejobs	
9c0b3eb274696b81	senior actuary			euremotejobs	
04d47c9c825cd80d	reconciliation analyst			euremotejobs	
aff1191969bf37b2	php developer email team based in lithuania			euremotejobs	
7e7c37ee20ba85c1	financial accountant			euremotejobs	
80a56eac0e3b5300	customer marketer			euremotejobs	
2b8e1dde1619e8cb	senior customer marketer			euremotejobs	
4b2fd57c3975ade9	growth marketer			euremotejobs	
c5255358c5d17e82	operations associate latam			euremotejobs	
e943f87d24f7954a	head of operations			euremotejobs	
dbe1c13951905c12	senior manager			euremotejobs	
c9401f9abfc36313	infrastructure engineer core platform			euremotejobs	
4bb9726474e61c4c	medecin generaliste chat medical %f0%9f%87%ab%f0%9f%87%b7			euremotejobs	
f2ff5f857650dce3	delivery manager 6			euremotejobs	
e6e374bf90b9e8a2	senior product designer m f d			euremotejobs	
9d84052ae12aeeee	contract recruiter			euremotejobs	
75a6ce1f16358c36	senior video editor			euremotejobs	
2a3be082e7397adf	developer community lead 6 month contract			euremotejobs	
544e471b8e61560e	senior security engineer product			euremotejobs	
4ec1083495a818fe	senior legal counsel			euremotejobs	
1b4dc4e507545da9	senior legal counsel data privacy			euremotejobs	
b8126fc3deca6d0a	communications designer			euremotejobs	
9a46f7a6f082c901	junior marketer			euremotejobs	
f703d287a9c5966c	staff security engineer			euremotejobs	
20c8e208ac50bdeb	salesforce developer 2			euremotejobs	
681aa62309470157	staff product designer 2			euremotejobs	
1062dc9cd2b59c76	business development representative dach f m d			euremotejobs	
566b9516d99253da	sourcing engineer			euremotejobs	
9e31d6a33521ae15	head of service delivery			euremotejobs	
9f024ade6890d7a3	director of software engineering			euremotejobs	
d75e22c068a94d0e	account manager emea french			euremotejobs	
0790dcfcf6e2681e	legal lead analyst			euremotejobs	
bccd455b1f024a88	senior solutions architect i pre sales nato			euremotejobs	
71d2d55d29a17cad	senior financial accountant 3			euremotejobs	
72ebb7fe2dd8c098	marketing campaign coordinator junior specialist			euremotejobs	
20f6f0163b1f29ee	talent acquisition specialist 2			euremotejobs	
76a80b64749bd032	mid enterprise account executive			euremotejobs	
22d2f6a5eea9dec1	enterprise account executive 12			euremotejobs	
9a51feb9a9bb1689	fraud operations analyst			euremotejobs	
0785dfb091556a57	director of sales europe			euremotejobs	
6f262ffdde656efd	presales engineer 2			euremotejobs	
abeff7a15e26aa19	trust and safety analyst			euremotejobs	
f5610a32b0edd06d	manager product support expert team			euremotejobs	
14582fb2fe776060	senior incident problem manager			euremotejobs	
ddb1a3ccbe979bb2	middle project manager remote contract 2			euremotejobs	
c12d6f18fedfb0ce	jr marketing specialist contract remote			euremotejobs	
545029ccd94dac8f	junior ad operations specialist with korean or japanese			euremotejobs	
3ecf83dc074e4794	principal product designer figure			trulyremotework	
ea5c40848781e9c1	product manager auth supabase			trulyremotework	
89be6b3e7403d9b6	senior software engineer backend money movement phantom			trulyremotework	
9f5cf0f2fc6d8bf2	software quality manager wikimedia			trulyremotework	
42ce43e69c707d49	senior procurement specialist wikimedia			trulyremotework	
e6cc94e1c368c6a9	head of business development logos logos greenhouse 8179485			trulyremotework	
a5218cb85b592f91	open source community advocate metabase			trulyremotework	
bf1464c242e2c8a3	ms dynamics engineer justmarkets			trulyremotework	
aa052561b8c35be6	status manual qa product tester part time status im			trulyremotework	
75d73ef5369b58aa	director data science duckduckgo			trulyremotework	
d311e2a6ca6fe651	ubuntu security engineer canonical			trulyremotework	
4b96d0c5d2e1befb	software maintenance engineer canonical			trulyremotework	
e3d57535eac0e1b9	subtitlers terra			trulyremotework	
2f0ede8ff280a7c7	translators editors mtpe specialists terra			trulyremotework	
9ea81c0e8537cd52	staff renewals operations manager gitlab			trulyremotework	
6316df55ed74cef1	manager engineering identity camunda			trulyremotework	
7f2a3a2497aa8a00	software engineer wallets rain			trulyremotework	
94885cc632ecfdc9	support engineer amer weekends supabase			trulyremotework	
7bcb0591c9c57d6b	technical product lead metabase			trulyremotework	
e814780c8cd2a4fa	global vp marketing cmo coinmarketcap			trulyremotework	
0168f973fbafb723	senior product manager core platform remote camunda			trulyremotework	
881244f96443a5d2	senior systems engineer automattic			trulyremotework	
b25c5251ca99a6c4	senior technical support engineer alloy			trulyremotework	
a3677a3b68ebfc8e	accounting manager counterpart			trulyremotework	
332ccde8bbe0709f	server engineering manager member experience raya			trulyremotework	
29ebe7006a89395e	talent acquisition lead justmarkets			trulyremotework	
4c3a075fe633b245	volunteer position logos circles organiser logos			trulyremotework	
275652d56cbf7b8a	join our engineering talent network trust wallet			trulyremotework	
f2edc927b356d201	senior web security engineer browser platform duckduckgo			trulyremotework	
35e98b6f5bac030d	senior tech lead mobile app developer injective labs injective			trulyremotework	
fd6647c7097b408f	senior hr generalist offchain labs			trulyremotework	
a684001834db1fc6	senior staff data scientist netlify			trulyremotework	
47ef0dc0cf85ac17	documentation engineer ii storyblok greenhouse 4962120101			trulyremotework	
acb66ddc8e760e2c	senior software engineer saasgroup			trulyremotework	
01e7b6cf2a9e9d71	product engineer saasgroup			trulyremotework	
c3e464f797e8dd7a	sr associate corporate development offchain labs			trulyremotework	
c499d2144a5c6ae3	senior product manager on chain coinmarketcap			trulyremotework	
be5a7305a7ccac65	product director defi trust wallet			trulyremotework	
b151fc55e5a153db	memecoin nft community leader nibiru chain			trulyremotework	
a47e9f0bc9bb0943	software engineering manager whippy			trulyremotework	
714261eaa4d9c93c	security engineer appsec rain			trulyremotework	
b131669514edcfc4	data engineer wynd labs grass			trulyremotework	
1eed8fa9847c2a18	digital engineering manager istari			trulyremotework	
65735ebb97902289	engineering manager foundations enablement storyblok			trulyremotework	
14743a0d2cb99666	federal account executive istari			trulyremotework	
25c424fa91c800d1	motion graphics freelance nibiru chain			trulyremotework	
1df1e9fbc57a2a41	senior digital growth strategist fueled			trulyremotework	
8dc40be4b2cc56b1	director talent acquisition fingerprint			trulyremotework	
530829e12c033f1c	volunteer position logos circles organiser ift			trulyremotework	
1050348c390c0faa	sr director global public sector marketing elastic			trulyremotework	
5d88da33724d03ef	abm manager global public sector elastic			trulyremotework	
1856869a1106876f	the wildcard douro labs			trulyremotework	
93ef92b54ec0d241	senior software engineer ledger alpaca			trulyremotework	
ef2c97ab43d90df5	r d media buyer growe			trulyremotework	
8088c647584dc5af	ai research engineer multi modal vision 100 remote worldwide tether			trulyremotework	
a5e32d291d580035	ai research engineer model compression quantization 100 remote worldwide tether			trulyremotework	
5ef13717507a53b5	creator success manager business monetisation fully remote saas passion io			trulyremotework	
3d1a7c326d7f6840	staff engineer worldwide remote work anywhere cloudlinux			trulyremotework	
1e33b861b6bcb1dd	account executive banking credit unions alloy			trulyremotework	
770ee2f5f739d290	director global human resources remote percona			trulyremotework	
d527a04452b9a295	kernel developer patch backporting and builds worldwide remote work anywher cloudlinux			trulyremotework	
8ceda1c6c9605f05	head of web and organic growth atticus			trulyremotework	
a408b1d839924a11	communications director and staff director future of life institute			trulyremotework	
74036b240dc6c9da	account director superside			trulyremotework	
1552404d8b50f4f9	engineering lead counterpart			trulyremotework	
6d7dcbe89a28a697	conceptual copywriter superside			trulyremotework	
645efc9daec0ca56	volunteer position logos circles technical steward ift			trulyremotework	
a838c3cfafbbda2d	qa engineer colonist			trulyremotework	
63dbb78d874c6425	director of professional services wordpress vip automattic			trulyremotework	
6b65be97ed8cf94f	senior accountant crypto finance operations wormhole labs			trulyremotework	
92e5d7cb280ca158	senior data scientist fingerprint			trulyremotework	
7294647491282f61	senior demand generation marketing manager netlify			trulyremotework	
a3a6a7a3898016df	paralegal atticus			trulyremotework	
859e93ccdae3554e	lead sec analyst gitlab			trulyremotework	
e40ff5346e9c087a	senior backend engineer core discovery raya			trulyremotework	
f032bff841cca7d3	united states			startupjobs	
d2732771b846a068	bookkeepxperts llc dba snapt			startupjobs	
7844184df5d9645f	view technology systems			startupjobs	
29e6be137b7dcc6c	sailor health			startupjobs	
32193705badf6c3e	san francisco			startupjobs	
da923bcd49612a32	pandektes aps			startupjobs	
1a7fd9b1839084dc	north carolina			startupjobs	
e60e9ded07dd074f	android developer			startupjobs	
e568e621466668f8	backend engineer			startupjobs	
ad792b18cc2e145b	data engineer			startupjobs	
b1ca07700bbf6bb5	data scientist			startupjobs	
db59eb976f9fc7ef	embedded engineer			startupjobs	
6aa9c6ce2730c75c	engineering manager			startupjobs	
f41545904b62e12f	frontend engineer			startupjobs	
75575c1938414615	full stack engineer			startupjobs	
2eb3f3fed17609ad	hardware engineer			startupjobs	
aa8c4ed0037f0927	ios developer			startupjobs	
d93c36d6cf391b27	machine learning engineer			startupjobs	
ffa1c8125713eb0d	mechanical engineer			startupjobs	
bf0f97bffdd3d907	mobile developer			startupjobs	
04a02948e29dec5d	security engineer			startupjobs	
38ee7cdeefced749	software architect			startupjobs	
8ab11910e917b14c	software engineer			startupjobs	
d48d29d686af7a91	systems engineer			startupjobs	
88b6376d51a63b0a	chief of staff			startupjobs	
d1e0587343cac42b	customer service			startupjobs	
d45cce9370787276	finance accounting			startupjobs	
45a5a271404c1f17	office manager			startupjobs	
d1ec79cb62889d83	operations manager			startupjobs	
7f07d5dc255c7081	product manager			startupjobs	
72860b1032954eaf	creative director			startupjobs	
0e859f937a93d434	design manager			startupjobs	
72873d384644ea1e	graphic designer			startupjobs	
eb910727a7bfd8f1	product designer			startupjobs	
3c409b9831ed8b04	user researcher			startupjobs	
5027d6681bec9319	visual designer			startupjobs	
e8a73b96fb8ed3c3	content creator			startupjobs	
1640a58295fc36a4	digital marketing manager			startupjobs	
6d59184e827dc802	growth hacker			startupjobs	
150f421aa032987d	marketing manager			startupjobs	
1c0a2395710a015b	product marketing manager			startupjobs	
a9a729457c668c07	social media manager			startupjobs	
f6223fe31b50ba77	account executive			startupjobs	
19d5784a4135e70e	account manager			startupjobs	
da0cb8cde75985bd	business development			startupjobs	
2a4bd280f23b86f3	business development manager			startupjobs	
f688bee6146b682d	customer success manager			startupjobs	
2da27e0ae0692bb6	sales manager			startupjobs	
f9a596a47de72052	chief executive officer ceo			startupjobs	
e1d6b79a26f57cda	chief financial officer cfo			startupjobs	
04073f9f3e9a0f85	chief marketing officer cmo			startupjobs	
cfbd9df45153e7f0	chief operating officer coo			startupjobs	
979a5e2e9edbf118	chief technology officer cto			startupjobs	
747aa27ecfaa3240	business analyst			startupjobs	
cefafa4a1e7a04a5	data analyst			startupjobs	
732e4f70875cd6c2	project manager			startupjobs	
b93e8a9320e303b6	ai video editor meta ads ai video voice tools us dtc brand team based in southeast asia full time			dynamitejobs	
4bcedc6cdce560ed	remote jobs in south eastern asia			dynamitejobs	
51656701506248a0	remote jobs in asia			dynamitejobs	
826ca39d66fdbad3	remote ad script writing jobs			dynamitejobs	
c8db86c2a105a200	remote ads jobs			dynamitejobs	
c79c1af8fbb38af8	remote ads on facebook jobs			dynamitejobs	
28d3751fc0275c26	remote advertisiment video editing jobs			dynamitejobs	
18d194925672e05f	remote ai jobs			dynamitejobs	
8b786442fbdd46ff	remote ai video jobs			dynamitejobs	
95adcdcde57250f3	remote design jobs			dynamitejobs	
3c3575f7d81e3eaf	remote short form video jobs			dynamitejobs	
cbb262648340c6e0	remote video editing jobs			dynamitejobs	
2146ee4e74b0a62b	remote video production jobs			dynamitejobs	
